timestamp_unix,timestamp_readable,left_knee,right_knee,left_hip,right_hip,left_elbow,right_elbow,left_shoulder,right_shoulder,left_torso,right_torso,shoulder_line,neck_tilt
1778588870.8404322,20:27:50.84,175.04001476243818,175.1042778570295,164.66590878494856,156.3517017729261,75.26695317299999,96.66142722400411,129.95889783729154,138.84436406594972,120.97826917733991,119.54676730435752,144.7406242830571,99.30317711463891
1778588871.2205937,20:27:51.22,176.01283932746418,175.273008197745,165.62093377172624,156.95458295234323,63.86270082869674,94.32039353701174,127.2054587426797,136.49262118618543,117.7711941929766,120.53546230631605,149.26033510152445,100.80111679262245
1778588871.4145505,20:27:51.41,174.87367120323404,177.21432489359904,168.93711358395296,157.21566363511351,57.636360286326465,103.30182345021697,125.56207009630171,135.28440683736088,117.04651663517714,121.80704639292934,151.525456957653,100.50979536813298
1778588871.614264,20:27:51.61,175.32370629902934,175.58560642901782,169.36071654991338,162.70882771943124,55.80478773762245,88.0621786925792,125.00006767956134,131.6937339426142,114.88772930229146,121.85228460503087,150.58841975537135,103.38476997334091
1778588871.812577,20:27:51.81,174.32964066967034,175.06027996542988,171.9341730334102,164.44322738335785,53.15042553590128,69.34349882878475,122.01384012307213,127.36569160406631,111.36507030506596,117.92858679105068,151.91937706436323,108.09365651947775
1778588872.0364356,20:27:52.03,173.61290744046224,175.75710437117422,172.4407505976692,166.68421531829748,50.67267124877189,51.93226099710646,116.25493047945055,123.80419394858546,96.89021183686293,102.79761293369603,149.89084518774573,130.17277300569236
1778588872.2236047,20:27:52.22,173.3817507330161,176.4423900005336,171.1449101005784,167.68427852213458,43.04594835663882,52.53138480945378,114.2864922966613,121.81395502887659,89.30071934020104,94.14765096483094,148.02815243185455,136.72905552661496
1778588872.4098418,20:27:52.40,172.78962053317207,177.26510198995715,168.44240802726873,168.84903398927256,44.032986853231854,53.46300536578157,111.19798889562287,122.70009420207393,88.99580558700454,94.25189035570645,154.86227248927773,136.15522389931567
1778588872.5937052,20:27:52.59,173.53935294641607,176.8626311033748,165.21751910004866,165.2687167816906,48.315454140255255,63.9084526528866,107.47844168540324,135.6367698922957,94.2977261881289,118.75977782543313,152.76215570186088,95.24301154178758
1778588872.7729812,20:27:52.77,174.77792545216352,174.32583499778823,167.5224733690546,161.8883478716952,67.01766941722826,119.58200085635403,95.19415805202415,81.6635024379886,106.41569559586648,138.37056180209478,145.75114558719764,59.70326043098487
1778588872.9450035,20:27:52.94,174.23472211574057,170.89737107413887,167.84068836333728,161.36553926009452,41.48746645279893,0.0,87.39914977983037,0.0,103.56153191921017,143.54551710106085,107.89640258444511,48.138354193542085
1778588873.1219516,20:27:53.12,175.4500161210153,174.25921016506794,167.33917491145502,157.2011304641449,65.53561212379077,139.94399070196278,102.33515243697309,88.26532164966817,105.41366501785595,145.8745013066428,124.0449336855985,42.62686868054716
1778588873.2929797,20:27:53.29,175.1333624583151,176.33820831245976,168.62618667329798,154.77942863222594,83.08900985384514,91.59634995588534,111.392283781462,120.67343535451185,107.3786147213075,146.05944461501568,137.17324896410196,51.58408308105111
1778588873.464843,20:27:53.46,173.24513042571851,178.0363539135185,170.36486844016292,154.87426508888666,94.26259413575696,70.70318658584799,113.06870850870014,126.5241872138732,107.25902283628025,144.6515681658024,149.9295526070888,56.76286784568505
1778588873.6401227,20:27:53.64,173.72413921034982,175.585132414025,170.82421037768808,154.96672435892907,93.61667890767934,58.09171984061736,112.33273562380728,127.31362258820485,107.04597404680025,144.02644006536818,155.5179882572071,56.51789854365808
1778588873.9161527,20:27:53.91,174.42877571904387,176.1746222193425,173.00260132430583,155.66148704803027,102.01520603108705,56.85101522811836,112.60373279628155,129.54094400772013,107.41573374811944,144.09782941903384,151.9398613301228,62.55646255811793
1778588874.1553454,20:27:54.15,173.89777591084115,176.45026894833836,170.1883947309832,158.59868157345815,84.16673882422813,56.3719904743882,111.72009496907187,135.92070084718978,109.69145468762476,143.59646554108778,152.07704672639412,66.97379677301083
1778588874.3955748,20:27:54.39,173.31772211223557,177.57705871636375,165.09531856710953,160.08916971456733,93.47371159337058,64.74445286131457,114.62481634656623,131.31618410997254,112.25665700013928,131.2545521634418,152.5925157234827,75.5169598175624
1778588874.6123605,20:27:54.61,172.95462820021245,176.87450486302077,163.35997408717117,161.92263951363182,90.5325359492993,59.536140778168345,119.55629472775101,125.66618279834375,110.96269715243429,122.5330396451149,149.50071650541986,88.7844900809742
1778588874.8585575,20:27:54.85,171.9344495412316,173.2015788918684,163.36540828457066,165.0619239935648,71.24566328790395,54.04129107222521,118.78217790712965,124.4768776192623,109.61674753388002,116.10463231523147,146.63529377504588,97.99393410334926
1778588875.0941024,20:27:55.09,172.32462237315826,169.87980652708853,166.5640690531265,164.70948963683162,57.75181140736427,51.74140056841998,117.30086027164099,118.22923827527471,110.1722941802854,113.62580236897507,153.17691930644202,101.41273252884857
1778588875.3108351,20:27:55.31,170.49338416736566,171.48235983147265,166.46968076781383,165.41978328840793,48.27948612261764,47.869697885489956,117.36580457733098,118.2285922657972,110.28069225359698,115.46159727390447,152.3447812931062,103.69132765353967
1778588875.5062144,20:27:55.50,171.52067795063226,174.52321045934903,165.570326150538,165.14973012180656,44.11626774537375,49.23250418616939,119.09968202760018,121.53443945514131,109.26071706149003,116.37648453023789,147.52224552760185,101.76861708970974
1778588875.6937318,20:27:55.69,171.71177002330143,175.10000763103096,166.2503696790556,164.2942003516368,40.548136548672026,48.37567153782469,117.73297440756184,119.74341798125968,109.58582654015049,113.58446227396522,145.95374918901138,102.3329933333655
1778588875.8722785,20:27:55.87,171.69529107459618,174.62239091978043,167.55561667297604,165.46170936777554,36.96524231015161,44.81686272325341,115.45682925467617,118.1602597823574,107.6958831993185,111.79119439292374,145.6950076255363,106.07574520911632
1778588876.0991404,20:27:56.09,172.50762823185948,173.1821893850818,170.1937014363266,164.92658974312238,35.992737124017765,43.4622741610155,114.90591278719239,117.56016489081085,105.61334783450015,108.48704402816017,145.2859836843119,111.4710319087842
1778588876.2930954,20:27:56.29,172.83879692442468,171.6770460459065,168.0402994655708,166.97371696149122,32.462895624214376,43.4078485660132,111.78081635044396,117.3488276483188,99.9501688767717,102.0584865114427,144.18682659992083,115.2010362216775
1778588876.5299916,20:27:56.52,171.6094305366817,173.83125287379147,168.47078964640758,167.70411787740164,32.22575850354055,43.22985219492132,112.51950029575656,117.65158817042385,100.92596630970323,100.63541467448587,145.3458036486595,115.9840626450565
1778588876.742353,20:27:56.74,171.96431839068038,175.44420744682066,168.90615978896074,166.88190065381923,33.712732543288915,45.70843728839928,111.87467394451414,117.83872557140376,100.29839627187384,103.12465407465791,145.52488192055475,115.96197123218082
1778588876.9793088,20:27:56.97,171.94151171983918,176.27202934794252,168.00174298302284,166.24773259950456,36.837272509820565,47.76241035475803,113.67780240619345,119.14246165865882,106.79894000596629,108.88199661844375,144.99343817017382,104.96196637908503
1778588877.1999402,20:27:57.19,171.21845568077197,175.8655691279468,168.39118695509964,166.11754254008642,32.61395976844106,43.58400671641017,108.26260328591513,114.42991256569914,107.85942525602874,110.3755976226906,145.4851800405658,104.51750692788863
1778588877.4251475,20:27:57.42,172.84539412139594,174.1596727427119,168.05666011459948,165.97844001867418,36.94080501194061,27.30885552797727,64.1009085216622,74.31240151898336,119.45573866678305,101.10532735415646,135.44160339394836,104.40288171225097
1778588877.6256497,20:27:57.62,173.26177058815512,173.1971685588141,167.47994237137965,167.31913121740735,76.18719406710758,63.5145055768579,40.97533004052727,45.827242677772304,125.18474708984057,97.45871957023677,122.4053917790228,90.91669011691286
1778588877.8421865,20:27:57.84,173.00970743322972,173.49790921599669,154.32242146083598,170.1800031907108,118.4358765426314,108.89178807618396,33.93005892150137,23.447782405390395,137.68123908630952,101.12092752144679,114.36177370178572,78.80456094531881
1778588878.046798,20:27:58.04,162.6616068101756,167.89270525046055,136.7599939749528,139.2198763684492,131.0464447926115,134.97939900753533,45.792752747729935,34.80029334479208,83.99238098578964,67.74376022944861,87.79777975727782,19.10027520592512
1778588878.27626,20:27:58.27,156.1228129804087,168.11023727237568,126.43781966387482,123.44197397075493,133.76906470825918,144.93276215136441,52.45224816317226,49.54067894026491,79.65703069114713,88.05135341253637,74.71082269014123,26.72092922883624
1778588878.5098085,20:27:58.50,151.46212459477317,168.77127817752466,116.80112861833652,114.38769313099542,51.366392129421335,146.55817867074794,65.5671822654597,56.1092315103121,75.2591847027853,69.52930942597199,73.79692174573836,14.9507386551734
1778588878.710189,20:27:58.71,150.01103053672193,169.021786027988,119.63793289209049,114.73178463062868,72.95360142397739,146.84397063482385,66.1327897382375,56.61710287167918,71.92708323918212,64.48392063283518,77.57765023645983,13.323277787242198
1778588878.9252439,20:27:58.92,149.09090804477765,171.92493836847797,125.27459446728517,117.90758463925886,120.23075839314917,148.40085639712592,61.44389038490765,56.06439801273158,69.53536331747168,94.26771997869643,76.15707888333395,37.29163440971594
1778588879.1911502,20:27:59.19,148.89598005931987,171.07695136183168,115.21244738989213,142.02582439514197,130.2698339845289,147.39919146004016,40.17573073445716,31.89044557351935,111.65339773670121,116.31759553536213,80.05896133829694,38.17615427641529
1778588879.392134,20:27:59.39,162.09806047153447,169.1853814862002,135.3591404632048,154.84397968272413,144.75760864869721,146.74048935693375,30.99183386760897,20.897289823999106,116.49781446983887,120.2291311993671,96.20128233406177,62.52597226791855
1778588879.6259582,20:27:59.62,169.3867919674459,173.4610042240217,155.71571473202368,162.43342270212207,141.1185069519933,146.87070813225878,28.131352296662804,24.594399147726627,130.8787921108305,128.55567163946256,106.87853083080842,68.38135882796932
1778588879.865959,20:27:59.86,173.4115941210564,172.34568844171343,165.69640656528227,166.4713976017473,125.61503400441796,119.8108048145456,34.2561245644103,30.07633661319074,132.3516364882395,132.53553775193328,113.9858520612133,68.85425761766304
1778588880.0665104,20:28:00.06,173.84992628005594,174.35706390467385,165.80187133731567,164.46382778553755,86.54961100031592,86.56555011596562,45.522798142368664,38.9458914677722,127.30980985052814,128.0184476704213,126.08437473991081,72.1351676308999
1778588880.2626417,20:28:00.26,173.97819672377696,175.94942538870413,165.82711889947282,164.9155997472264,59.63802482537534,64.12705258827344,67.66187747626076,68.67460695170764,122.72584049871543,127.51119070874472,140.58972231060415,82.30294154665941
1778588880.4440632,20:28:00.44,171.98704459352894,176.5099537468771,165.09529227579154,164.6450297270425,43.993679930601225,46.18823725871903,89.13274656969611,88.6527018853355,117.30149687781754,124.22592314073094,142.57485517591306,92.88709551875354
1778588880.6160681,20:28:00.61,172.21035417109488,175.2184704784836,164.54070486514595,164.57366917774277,37.98121935766615,37.26193992195581,102.68215563908048,100.4035145341862,114.28436450025828,120.86328996602741,144.08228172375073,98.5842071429324
1778588880.8063722,20:28:00.80,172.19479102591185,174.5352360131077,164.53147807452552,164.59585686340506,37.40292733247974,34.65634239673504,104.76052044349343,104.20070361716728,113.31929427406824,119.0090711812139,143.2552212980054,99.2019931790685
1778588881.0054603,20:28:01.00,170.91161839554567,173.94862859330746,167.5888743294285,164.79369055231223,42.63499744855642,34.51828780094176,102.64025992817275,106.43493826711213,112.97162515520367,119.38411943664622,146.73688980941233,99.05101241037167
1778588881.1918097,20:28:01.19,162.67615258021084,172.43576095682937,163.02975964660112,160.50978074586837,34.85041489323302,32.44735871303031,101.98140387707534,107.87894387917153,114.40460808076011,117.46710541894447,146.19459247108938,97.25433105591267
1778588881.3998575,20:28:01.39,161.80602629568583,162.4357083417711,151.4573454478132,151.8458047350972,32.670883117602166,25.332977081773066,99.75689030100492,103.11892447305362,112.7610805089788,115.13745692645297,141.7951235135303,99.45007289705521
1778588881.6168926,20:28:01.61,164.41721842853843,161.88961625115712,145.850212652399,148.83970995229907,30.51478995116938,24.06788175379144,95.52103584423638,100.13275687374986,106.81889506829174,107.08816787170721,141.24887395883468,107.86403792303118
1778588881.791172,20:28:01.79,164.533494146311,161.71371176438734,152.07656607328585,147.3353254138466,29.56507208109805,31.448558250066576,97.90354591978362,104.36063215193941,106.02230306066754,108.41534932203399,142.349503385066,108.49280827911221
1778588881.9727826,20:28:01.97,156.75828998128608,162.25216104811122,146.8527837979817,147.56539069268894,29.492294320436024,29.571820397827004,97.87233031694356,101.8670420716416,108.10973920931265,107.84987004109429,141.9007870738066,110.08153975088888
1778588882.1551812,20:28:02.15,144.8422334946369,158.53554047738538,136.3766001917815,143.75450300938763,26.679787638091316,22.682601689932405,94.17910307747188,97.32916416219517,112.52968348158814,109.39107254643683,141.5170027698648,106.92081728834398
1778588882.3452566,20:28:02.34,127.91643167202116,148.6574138096596,121.4472082881395,137.23531517692336,12.411322107424548,19.787429298472897,85.24617707227134,96.33155982715795,114.98557282997298,112.48818822236768,135.60161024180906,107.40087574140603
1778588882.5584717,20:28:02.55,109.02203456591869,141.96328857441037,105.9664965842822,124.92127137849788,3.1489160965179988,17.275690794237057,65.930452913617,93.96510494028624,117.86513390578992,116.04318919179241,99.5435443431966,108.73485018772293
1778588882.7904665,20:28:02.79,129.34112287577437,123.716355379069,100.5493688767543,107.06271717538716,5.565475143377466,10.784793472087806,82.404397773698,95.51391488446225,118.98869977861098,112.95800836138099,131.6908519964435,113.76434833483978
1778588883.0419486,20:28:03.04,135.9197115327217,110.43223802106223,98.10720610276604,93.8483863773125,8.762962672519052,14.044270341137125,87.06237169358707,99.15728827616934,119.56113665304159,110.75114422517532,146.62111990437063,115.71600728869642
1778588883.280953,20:28:03.28,138.7647101467677,115.19511036886973,97.77335168816249,92.251623783653,7.040806932823224,9.974621780270233,84.40275536557742,95.60961892122205,119.67082885694484,110.05638414323704,148.50135266248373,117.003481946182
1778588883.4862688,20:28:03.48,136.63312864725242,111.1228820387047,96.16931490609932,87.896721842046,7.435303860989307,9.016942615617952,83.7954448873354,96.02172736977683,118.9149855706151,109.85549196948122,150.55288073003516,118.2938494172255
1778588883.702307,20:28:03.70,115.18127663806757,106.81701677945438,80.78260953156996,85.28496209619229,5.9717097592770845,10.849087104451126,83.34638557656638,96.79441164837742,115.64582773972786,111.49354702046452,153.57137076441316,119.37910347876932
1778588883.9394927,20:28:03.93,106.8635271741349,120.48219488835674,83.54560666172019,100.21143039193352,6.502475284630163,12.066518354165847,81.69648287096135,95.87106500424866,115.54990856000389,114.10124641369158,154.77755840641015,115.9435318198415
1778588884.1684883,20:28:04.16,121.65082888765085,136.9952408610818,109.32194861756071,121.19614189824674,13.442250372264073,16.490124044312754,85.84204656892655,96.58530033138125,120.4531375598464,117.78497410921902,149.03227537433435,105.49576067710638
1778588884.3488185,20:28:04.34,136.95429649094666,146.93425037113775,128.08209836732158,134.8149196568599,20.862284709614926,23.414788616827476,94.25214231118836,101.03479107771247,123.59936333652979,118.05856988286097,145.5262430346633,101.25211497938712
1778588884.5615363,20:28:04.56,158.45628098976266,166.66279865619748,153.58195687735258,152.7551795293803,30.40830934737783,29.771112098303007,99.3184010694466,105.24690873371051,127.1147733485678,118.57343366197918,144.3875179484857,96.94692108771338
1778588884.7936556,20:28:04.79,165.26809502017295,173.64811606231683,163.99971921676658,159.22626881342964,34.03024035143211,29.72633143709278,98.6560009198401,106.57154181206334,124.31523670417536,117.08879743291374,138.30334000513153,98.29378218165583
1778588885.0365891,20:28:05.03,167.7737173302369,174.30228519620493,168.60011798739384,163.52506450823674,36.464654486649415,29.887719426874312,94.70252415196762,103.05464905816059,121.23447790931225,116.05163336106199,141.2445067931542,98.08770189058549
1778588885.2323108,20:28:05.23,168.86151890201472,174.6726960259997,168.3418725071177,163.06345097571509,36.144759903253295,29.35043598941762,76.31385916034642,77.15118744765988,124.37491836209341,119.25067672519944,134.54471789946507,88.82447612901323
1778588885.4774961,20:28:05.47,173.12430017638874,173.41478514424404,167.91185061604494,162.76270122122543,64.2055253039268,73.67091961942842,44.913458329863595,42.10413784936507,130.31077265243437,129.2818656664122,120.4428226416194,72.77337751814974
1778588885.656805,20:28:05.65,173.2988991850265,173.72050714210425,168.92879657838296,161.96086986630377,97.63552042395858,99.87774420584343,37.399180356335265,37.35615617547661,132.08674978493022,132.1327660177629,114.71253171039459,69.70558605299604
1778588885.8301997,20:28:05.83,0.0,0.0,0.0,0.0,0.0,0.0,0.0,0.0,0.0,0.0,0.0,0.0
1778588886.0100422,20:28:06.01,0.0,0.0,0.0,0.0,0.0,0.0,0.0,0.0,0.0,0.0,0.0,0.0
1778588886.2157533,20:28:06.21,174.41863448287654,173.1334151099352,168.48115048731398,162.19655497028194,149.93877180360565,150.88905726595908,28.98227487971816,31.08247828361467,133.8372513659615,133.9146040802513,106.82563711755822,66.30916425190686
1778588886.3992379,20:28:06.39,175.2083330593535,173.69625108925297,168.0658315521763,162.06831707235256,146.87955468665754,147.7656453670808,30.761595978172792,32.15888732937671,131.41778316440167,132.76723953079775,106.4153079206016,68.85672479549423
1778588886.5985324,20:28:06.59,175.6632938456016,173.39215384865014,168.01123100696145,163.0769351902388,143.1860044727311,146.42265664480578,32.504509647895404,32.33141668768505,130.4669786015295,133.67893787361785,107.36213292465048,69.45994009496884
1778588886.7777214,20:28:06.77,173.88925823924416,172.2429439987796,169.08999639347508,161.9200968561438,133.9625861674022,140.9425894790437,34.34633551862073,31.28656060841459,129.71717237884474,130.7123274857913,111.32378179087023,69.82319719245714
1778588887.022408,20:28:07.02,169.58949269919205,163.87826222830515,159.202305564936,153.09816562462788,127.58586808891559,127.32654832457214,48.488809415413634,42.21348570142994,129.30960362723204,129.12394803905022,122.23718921348518,76.26268245948913
1778588887.2114553,20:28:07.21,174.47050488814943,149.34348454465018,144.7451282315421,139.00222022888806,77.21786265609325,131.03770049995788,62.48224483018497,53.929248188131766,129.47029727026134,129.23165658422258,109.78814666380839,82.18556859161933
1778588887.3988757,20:28:07.39,173.16263130763167,134.16003539097835,133.04904865063367,123.95670812374291,86.00881241471264,134.24211827859887,82.86001628160491,71.17494173152427,129.6750666258995,130.08706094755672,113.37718081892318,86.5032223984314
1778588887.6534038,20:28:07.65,162.94944374449935,120.70589623571624,115.3139007459116,108.25379755620162,19.456007124918717,140.43364874301386,64.80725763806393,88.02427784025059,124.81720538966962,129.50864667247066,91.50100429598805,95.15487647350469
1778588887.9145048,20:28:07.91,160.77753320288946,113.79670175157653,105.39927794195827,95.64088178318403,5.066530249219685,152.87242261055889,58.67256461425219,99.3635080412836,123.31468073615385,127.97354809875071,86.39863168288844,98.99115270480442
1778588888.1029217,20:28:08.10,150.15322214076838,115.0468337270422,100.87257425466252,93.47858419240563,2.720308260913196,155.09656256447437,58.02758589166441,101.06440474897114,125.9525061513971,126.79518213203181,83.8583009113105,97.66701686125081
1778588888.3316,20:28:08.33,139.99891932210565,110.72979219996336,93.29807809060677,88.08835759920224,1.6073883403007243,158.47932595193973,56.41754616266084,103.6159944063844,125.33577808457716,125.11998574573775,82.38678052053362,99.24482738342434
1778588888.5527568,20:28:08.55,136.30131349922044,105.17286045508078,88.75938141141046,82.88341825193002,1.2815980670998646,160.6323381826126,55.147870695221755,104.43289138429478,126.02883305603171,125.34527631479025,81.58312011128069,98.98920272041968
1778588888.75257,20:28:08.75,135.9385127065718,100.87392034823907,87.01274957132304,80.47947671943535,1.138949823205766,156.2140999357527,55.06572398325369,103.09125052452055,124.3989966694937,125.59663827695792,81.25740560090705,100.75654719455554
1778588888.9376738,20:28:08.93,146.778705205216,103.23917180617141,96.99446189861763,85.61714109668786,1.3591038792321004,165.30984258393948,60.15328918806573,100.7585413522007,124.58574677053834,126.45482555455338,86.57932579123283,94.965401682159
1778588889.1350727,20:28:09.13,153.9016323387288,119.64611082904264,106.11588788158004,100.83884541549037,53.12164687464394,155.2615909635751,72.11812385565256,92.23756125233172,127.45815745868308,128.2506638785939,96.75905597553174,90.75841524746681
1778588889.3248503,20:28:09.32,162.19176018403107,135.5529963345842,118.90072694823945,117.20559547191343,102.43112149234952,142.5490875984198,64.32271034193238,69.91807831380228,131.12473914649829,129.98451822597158,108.99500185609384,83.45817654050688
1778588889.5333204,20:28:09.53,170.28483068756373,157.65674072556192,145.5027643852933,142.86961972935285,139.98008650145348,138.06355610855934,36.54892644535862,35.3783630669394,136.6726287113072,134.91365710295526,112.31700797798896,70.7063048756556
1778588889.7137403,20:28:09.71,170.4554831958964,166.43331331782667,158.0983909446166,152.28731327159468,155.4182747943074,150.53878892914278,29.69112794701087,30.30546457200588,139.3010546261733,138.93489837576513,108.25784721213323,66.37874168505382
1778588889.9291394,20:28:09.92,174.67279665327743,172.1702852900017,165.53809598203776,159.21990475463207,156.74905874118377,154.17631442861864,28.598315724982495,29.01299593376715,139.91393479991314,138.83615639270755,105.36952419114283,65.05554304392277
1778588890.1649265,20:28:10.16,176.9953907685932,176.0873131012699,167.4853228831493,164.87382409393152,146.6505307724629,153.3895247965263,27.53179494152497,28.943186571395337,137.48061867266807,138.7338310378575,105.0653883489362,64.24656031169695
1778588890.362743,20:28:10.36,177.6049342170665,176.51766247969528,166.55358110058805,165.31790789778591,143.36451638730847,153.33182175695433,27.25037976665189,28.40787697472807,136.03774574821912,138.43759221828356,104.74028231995497,64.87899001883886
1778588890.5532596,20:28:10.55,177.4980577255203,176.72273872266396,166.14814519406332,164.60794554176596,144.62643989214575,152.17730339151544,26.994780200849252,28.571055700682976,135.19686676802098,137.4285936159688,105.01272850960197,64.85419803118614
1778588890.7725384,20:28:10.77,177.01079286862938,176.72982908610274,166.540663424083,163.1767809357341,148.59934921669185,153.22273550283717,27.230716460661288,28.5630970526187,135.20294284980224,134.35017778795537,105.81232928387958,64.82414862498516
1778588890.9747198,20:28:10.97,176.74989378668224,176.65161304823147,166.69190268284373,163.09457941510715,148.78935395434445,152.9835852201551,27.163316327389396,28.646652016197102,134.73655541625774,133.56112744878243,105.66204762597141,64.91358303447855
1778588891.1874247,20:28:11.18,177.25803196444264,175.96540032291045,166.45596008820513,163.8282837620407,147.18537552567867,151.3075037898415,26.574134837553743,28.31861859185156,134.52061531119028,133.50044833283292,105.23441901815148,65.3007318962442
1778588891.38364,20:28:11.38,177.05321814223822,175.86636957210214,166.6145774761923,163.6669439620306,147.55899241136208,151.21775359125206,26.374126187785215,28.485428982521757,133.4404561511636,133.87983385050242,104.37919598790111,65.29207482443695
1778588891.574381,20:28:11.57,177.47433706424846,175.95303251099443,166.81791033105856,164.01738074802378,148.16801462738357,151.44792236370603,26.15304496536392,28.859655183268565,132.634973134041,134.20570830093573,103.77578565670504,64.40026177597777
1778588891.766178,20:28:11.76,177.2860469978803,176.57507178286573,167.27533525438065,163.8281193870991,148.60636809664376,152.42434126692552,26.00417205664887,28.97689250121398,132.2113811395734,133.11976268456516,103.88390698167147,64.27737635322677
1778588891.9532168,20:28:11.95,177.36781245916762,176.59917000137364,167.84323941292735,163.50457966752668,147.39089965037735,153.39492392659469,26.30652154272493,28.785830208359627,131.2707840333981,131.99292463841527,104.50508959165697,63.887079175813156
1778588892.1418853,20:28:12.14,178.56253017218864,175.81903148768393,169.60802647699097,163.59342626327395,143.83799582834448,150.76280371303164,26.642591520662478,29.059315723068078,133.43618479036618,133.62840012583825,104.48372077181895,65.86280777122964
1778588892.329385,20:28:12.32,169.07637661326248,174.42311253983115,169.55688250964977,161.69332861686968,141.01580557090807,142.1473806771645,26.909958384259927,27.839462528357814,135.24790627821682,135.33569079737703,106.46339238134219,66.26226885423921
1778588892.5123448,20:28:12.51,165.98449580030422,171.03774132857353,169.25340814663997,158.8962220313545,134.4096004628475,133.73705679618945,27.15001525008339,25.37912872286985,131.57274362304568,132.43571889256012,107.70994177851983,66.8730818702533
1778588892.7169209,20:28:12.71,148.33899006969844,166.4522777463509,157.07187142023824,154.2377700166752,129.3729547360336,121.79963258328902,29.615232689151057,23.222939149295737,122.59030080177524,130.8257260324236,109.86386126367468,69.65565244513132
1778588892.9369497,20:28:12.93,160.60316516065296,155.92769610672207,148.7486958167277,147.75159617754912,123.3835055520606,116.51022477577695,36.94554830392872,30.585296115036407,126.76946794384958,128.04878718928026,105.40281980108485,77.68889623149104
1778588893.1292787,20:28:13.12,159.9234614578857,143.8580672151277,129.15774501226835,131.82039275897387,122.85339894423318,120.52908731326573,54.19755406592736,52.93739597834963,131.05702594908445,127.99650294629757,104.01776318609984,82.89031116542454
1778588893.3124516,20:28:13.31,156.0621378768791,127.43293371780737,111.5205000432008,112.57003139803093,119.96935363453129,118.78610543594243,68.21929287804397,71.27666938787041,129.57548323916942,126.82940838751256,101.53579765841491,91.12792665111846
1778588893.495299,20:28:13.49,155.87618141843194,113.41430896541361,102.22295691311803,99.38402922762364,113.13103530040671,116.80996119901423,78.23073796567414,83.8682286558748,129.11678501839944,124.97505634100233,101.19934872638348,94.88174572021828
1778588893.6921773,20:28:13.69,150.9995512846187,100.48888259798727,95.3773132700486,86.87866666056959,107.82873361632203,58.51459235886901,84.24774553729426,51.770489442641036,127.26044042503526,120.44406578462636,100.95267505824206,101.28994170858972
1778588893.8754742,20:28:13.87,132.58312614403218,97.10898675515067,85.49949419204142,83.43371580915081,99.20796100742373,71.99419552238187,81.75976799541264,62.71500469502095,123.47422095763201,117.64869311896655,103.859904435978,103.66801412538456
1778588894.0594378,20:28:14.05,124.74835654440841,94.06122989764519,80.4678475114891,80.4260234654972,98.70066485432943,85.52036159223053,81.49123422942927,73.6695833542648,122.12009408177917,115.87994534589384,101.88910944292778,102.8792968145452
1778588894.254073,20:28:14.25,128.66443433048244,89.72364257129757,83.12880149874567,76.6969462322302,96.07289314040932,89.24558582877071,78.84918088362855,77.70740321615006,121.66963729069707,114.74581338434118,101.42823187595391,103.96147814873122
1778588894.4435606,20:28:14.44,129.61907418309104,90.61231434970907,81.10274553169438,76.65089817927752,94.69052416808383,89.13041991624942,79.27784493154832,78.16210346611477,122.98950100868777,114.11539345914784,100.74021458913965,104.82421207091267
1778588894.693282,20:28:14.69,140.32707919178077,93.23981530352202,89.09049311892075,76.6426224676486,91.62609198331027,88.81749358353309,75.76465122126231,77.667696013432,124.4901822261607,116.62594302157615,100.4930731593875,101.26717427116498
1778588894.8860376,20:28:14.88,142.45949387681372,108.99843067474413,94.61874491334333,90.17577012774822,86.56085864012576,84.88037267628565,75.36630847499251,78.61575518131423,129.57511611816744,120.92188284361221,102.44759776683898,94.22107890438092
1778588895.062774,20:28:15.06,151.10190073453936,123.90849320525513,107.75600219091287,106.54278447720922,77.95022976297813,73.596914946726,68.2224158444775,68.79096325233579,133.9992744195124,123.9466225895477,101.03308273312479,89.1892462571287
1778588895.3204627,20:28:15.32,168.466027644107,150.46689120753854,131.866554289924,136.717347703782,61.803795163681734,57.71194973899672,47.442655261420626,47.16671814625494,136.62768615283355,127.48661942437542,103.8079075754232,81.16431958685611
1778588895.5501194,20:28:15.55,173.55189956592366,168.5151721026284,160.3101690759186,157.1335918969142,64.00608627263594,62.58746309034449,31.205821170407535,25.315195310344834,138.36056565216646,128.8901238062797,109.46825411509427,75.55919932189718
1778588895.7681735,20:28:15.76,174.73232479522164,168.59234822265432,166.266761904001,161.5420570175864,65.17233461320674,66.36353865250527,27.901330558512022,23.917276437696692,137.4886630525299,128.3952975280112,109.26604983330132,75.03700417744497
1778588895.969342,20:28:15.96,173.82735514596368,168.33325788228558,167.83472494097572,162.51149631183,65.81167144183735,68.08784165399784,27.031844399316725,22.09930567542105,135.71521706420674,128.23068978651065,109.04388443893987,74.49014276357303
1778588896.1752546,20:28:16.17,173.642533905446,168.93250927344866,167.27508161849096,161.68123542722208,65.69173681491145,65.1520975526776,26.021995435494574,24.254152215058497,134.19189249727745,127.3602495305359,108.74122253653611,74.74478210545017
1778588896.3977761,20:28:16.39,174.36384015786746,169.24035904713236,166.1940638586869,161.50453247386397,64.17640570584075,66.73813800857863,27.13651241660039,23.06616165110429,133.29263439888436,127.99911974855047,107.3942905308602,73.9709655145167
1778588896.5996385,20:28:16.59,173.52260943896434,169.79781516540038,166.0092484955515,161.12641670252964,65.73398331370171,67.83708378374044,27.885000596128958,23.869653724148,132.03130128583643,126.56943949779793,108.55839224129524,75.1380889936964
1778588896.8111029,20:28:16.81,172.68089502333163,169.95323425885022,165.33196495400102,160.97539620442546,66.33677659647941,67.93383897709259,28.342935804717676,24.281722361700645,131.43644099065332,126.69259874790401,108.81786413925064,75.41870632220281
1778588897.0361066,20:28:17.03,173.7952142659592,169.04217471539909,165.966312602899,161.06274894843085,67.48079881303433,70.22189730600554,27.14340936845177,23.000724972903605,132.19335559607316,127.63206473199574,108.03598624877392,74.89573004710013
1778588897.2421913,20:28:17.24,175.68435755514315,167.9322409449441,166.1474993184495,160.99274739980797,70.60367746315302,70.34286043841226,26.9727946769311,22.27279317492451,133.9395258542597,128.19158877558024,109.53519512071736,73.7416144224653
1778588897.4613748,20:28:17.46,175.60292189241315,168.43017109412588,166.48498227736053,160.0905229992979,71.9870046200567,70.66500082004967,27.56424083627713,21.414417350561543,133.97561613434686,128.20231719764064,110.33496216060007,73.16428986829476
1778588897.6416895,20:28:17.64,175.19345599242484,168.48725866855384,166.85027960625354,159.9000892438229,72.22974265444988,70.17391082579414,27.68517246583548,22.27886620445708,134.19301379873758,127.46542578825552,110.78756441348547,73.343133972511
1778588897.8433373,20:28:17.84,174.37068271274063,168.76562028697214,167.23519047921695,160.77282881839295,70.83287837691977,70.83215947276199,26.900246279649252,22.568359685991627,131.4689222684866,127.51901440632125,109.16620176907699,74.94078187796529
1778588898.0180867,20:28:18.01,175.7756334002193,168.6353467800746,167.4291582885113,161.43526965962064,71.59114752427047,71.9137416467978,27.947087795681377,22.315736263889164,131.09111020839472,127.3421716983183,110.83109093335574,75.15756601152876
1778588898.194586,20:28:18.19,177.06717866246657,168.36856371606564,166.60958228268436,160.58961232861117,70.22643197531231,74.01325528975293,29.53042078303273,21.564856665678832,129.02817049427716,124.26480849024406,112.00555485829233,75.95737243673393
1778588898.3777492,20:28:18.37,176.45842657640418,167.30169443451413,166.20925801892508,158.99329633932751,66.98167281789492,72.77970517280852,32.64327679609024,28.13689074964818,126.2811571210938,117.7645371491854,116.35030439191264,78.83655555610999
1778588898.569237,20:28:18.56,176.1439729291688,168.3854111206744,165.8359364831837,159.35287977419466,64.55237974487011,58.943549115075506,38.813638268813875,34.62910958844094,128.75036791542655,116.0478896750843,123.79708993861172,78.30998165354738
1778588898.7564359,20:28:18.75,176.37344688763443,171.99376859592547,164.29961522886893,161.36864424121663,54.78012792205705,46.90920572722024,52.943608226729886,45.22914872415973,125.03311451026602,114.12747718070574,137.53522113410742,82.01712352677228
1778588898.9848454,20:28:18.98,174.80287529026614,172.64775571993312,167.2278522888949,162.14679190140959,47.07138467656672,36.349939427102235,56.21588316096154,50.12739207773532,116.65187850347104,110.98016837013904,139.83301345510853,86.5070397514038
1778588899.2395167,20:28:19.23,174.24236191101988,168.8605263202944,168.81889333304358,162.24663041450708,38.05392819330079,29.643443690738394,56.74281130249081,51.7722301193446,108.74344529622306,107.34788434988302,138.25860913911907,94.98140630066618
1778588899.4447677,20:28:19.44,176.0223613479289,168.35974296414926,166.94266737709012,162.39035675024093,37.761797099143884,33.68721310979237,61.190512307795245,57.571166965731834,109.97669796366563,105.53330062241051,123.34882528079758,96.16249498087583
1778588899.6861339,20:28:19.68,176.0578483210465,170.78004327717557,164.0008160737708,163.4589975868762,86.30307758642589,92.74487182646929,48.25246067498813,41.83026696227709,107.44804844091146,108.13293154361935,121.20328050519751,92.82042692564906
1778588899.869293,20:28:19.86,174.43492200295904,169.91143430744916,165.94451642288422,162.93829171186877,134.99139640901012,128.6160122272528,38.7685628396558,36.7962219182757,107.19126511816188,123.11843222629959,113.22541605465136,81.32866389695809
1778588900.0748577,20:28:20.07,175.32364023545296,174.53444935686957,168.0474517963802,158.26779535831835,144.36456925016114,150.36589898642532,36.464237630256896,33.654769368137664,103.01887558625278,124.93140349632301,106.25531402298265,69.21829873560281
1778588900.2671187,20:28:20.26,170.9284342572775,172.48674494684514,170.21899438274244,155.75280293678958,137.66724815111223,151.94908662632895,34.13778649588736,29.891254049799553,103.9479498756283,129.07946258249424,107.14573071863069,61.17974860705794
1778588900.4588637,20:28:20.45,170.57771865666672,174.74636173089834,169.3710857220831,153.73572883768088,82.15517953387312,150.69529814506626,56.28811161326094,24.364680618463733,104.28187918257025,129.39086525817527,93.02682063775441,58.99075935014422
1778588900.6590478,20:28:20.65,173.66302257967368,176.53958117779092,167.07975729089281,153.80375410760553,82.15685111704131,153.7214164802067,56.382232815926294,15.88108345501627,105.67249403867935,137.63281374191436,94.12932199786493,49.013150927193536
1778588900.8742867,20:28:20.87,160.14692800326048,172.23310275331957,166.1508336339216,155.0314372271858,120.05800081371157,162.25835311305252,38.72218472037031,12.741591344809219,106.99580618934966,137.1006831954156,108.33340349254698,34.01567182772886
1778588901.1471012,20:28:21.14,164.42691349316922,172.68585575963527,159.0040699847422,120.82811664642617,121.96586558558599,133.20838869072173,34.9257409970082,8.01138277328969,108.97028332050633,65.6355576494676,105.80112844005103,78.2870294185725
1778588901.3256345,20:28:21.32,169.56140738463193,171.38880530191727,157.09545605681075,99.93162149003831,75.38032176275318,116.43688745992301,58.6554058447082,5.2634793127484265,110.10553790022901,28.9468184102129,68.9115479736572,100.750493806317
1778588901.5239944,20:28:21.52,172.6974945620181,173.12034268969586,160.7716347028309,118.3957277818518,114.7842300275087,133.78676195930723,40.75012668779562,7.694560308737648,107.21848326579538,61.16880702530245,92.85462206056253,87.44883921257846
1778588901.7556512,20:28:21.75,173.11232952407175,175.80414598728083,168.03287868801476,144.14023973927107,80.5951923641553,150.1714384160781,56.83225324541505,20.043997944608115,109.97490326237285,103.21941161188604,90.18894564759347,78.24369413650088
1778588901.9960449,20:28:21.99,172.38866220379924,175.9426219323861,169.65686219315333,151.7990112543852,130.48646693426278,143.63991683007325,37.13216592220732,29.905881077718462,113.9147859686726,113.81375176375414,100.38730242184704,75.39459241000482
1778588902.2232976,20:28:22.22,173.8388139233363,174.6336731061131,167.77053963882392,154.77514978914917,143.3009019643406,138.54524435884474,32.80484245714934,32.107599588618754,112.95016569250427,115.43360345717657,103.0974083286305,74.64303003439146
1778588902.3979607,20:28:22.39,176.04114721799687,172.75999203833135,166.6990430144334,156.95373847524235,147.97820489488987,137.8483184711853,30.591400077154255,32.29261991503662,112.3371680354769,117.9174086253615,103.45280507898934,74.13340733868469
1778588902.6309493,20:28:22.63,175.80008226140978,169.73948146392613,166.56321989843033,158.018139006196,147.61928548764737,139.4936458660168,29.80551949373907,29.87634149875339,115.69931845126524,112.3728779596614,104.93604381899263,80.9053126298789
1778588902.8599944,20:28:22.85,175.1493973412699,171.977654728277,164.16123200356878,160.57166799403086,145.6572830722876,143.11569126793185,29.890193633773045,28.5240043814797,116.42877921570403,106.43972838608859,105.39385071250119,81.0834212923402
1778588903.0733962,20:28:23.07,175.53883304433464,173.62011187643796,161.32440714010536,162.6618509504286,149.8343174257716,139.77265553019066,30.031273499354377,30.96560927700483,113.25030201216288,103.81817194264121,104.88944223838506,75.92735327900934
1778588903.2984126,20:28:23.29,176.28457795257617,170.84470603244011,159.5981510476946,164.15721834980698,154.76772816964655,140.74341034358423,21.0531066853937,32.29218406323605,108.78890473774095,102.02476971924392,95.91251355298155,65.11029061675988
1778588903.551076,20:28:23.55,174.57974215656594,170.2535474424622,157.53943890476393,166.2404512236138,153.7614275269871,141.64163661899724,13.575806977366014,30.862102652013338,117.30215923912375,106.02439037138848,76.1473269711521,50.321686233383105
1778588903.749419,20:28:23.74,174.3102128303604,173.1509453210135,158.52871113675417,165.8681902725269,150.1219683298006,140.30607273780564,14.937273890291372,30.133557946404526,120.81158231243569,108.09595229310435,69.027172792089,47.64824989468173
1778588903.9278426,20:28:23.92,174.83643758474068,175.5391468021382,161.4776201503911,163.32498803694358,153.1807699281481,140.0917234497128,11.951938539504628,29.067850254568793,127.94323663212293,110.00347172463789,73.53638082166869,46.27245696006507
1778588904.1071324,20:28:24.10,174.20328716348803,176.4754636603381,161.14835489778403,163.3193732593951,159.0221557817097,140.5896539307121,9.948101139145539,27.872915220123605,124.57248590730552,111.15225384374997,80.17110513333084,53.88251802557501
1778588904.2933896,20:28:24.29,173.15986873451644,175.34141234608617,160.7423830916492,163.89080543520117,163.32468380689022,142.71974136288077,15.910136900986362,26.337248984211627,125.75133448908602,112.08612542118777,90.75468484190239,57.99394876967718
1778588904.4772596,20:28:24.47,172.27588174799882,174.76400666664225,160.43315715180145,163.39992153054482,160.90220248759385,147.00096621056866,22.567760876649118,25.464102639522373,126.17544893859498,111.91803168353107,98.7891810114123,60.31216470260558
1778588904.6724935,20:28:24.67,171.1857907328502,173.49149602451757,160.46629624012908,164.542708512381,115.81651883795871,146.82766792409188,44.380463170465774,27.770665539828716,126.34023642298223,111.97606587143082,107.78597574905851,62.67974354258227
1778588904.8633535,20:28:24.86,173.38150554518697,174.01361382086313,162.83454588088796,165.6386508655006,137.4749465323875,144.46305544622126,35.372426826080385,30.100521013320886,126.07396909661321,109.36004858294794,108.85233068150058,68.32894146135266
1778588905.033223,20:28:25.03,176.5118705799784,172.42000537814434,165.39308759772717,164.44998198925384,134.85567821001095,137.4322507276559,37.94912557194444,33.287858253177305,120.1284549742639,106.1218161298568,110.0087488591281,76.4366647646655
1778588905.248086,20:28:25.24,175.22805121920902,171.71311118346534,166.05408676190478,166.2296116021114,124.70127255215532,124.6077277300891,39.293797339808215,36.63235835454876,113.97141359196488,105.81790391999627,113.13779134209632,83.75960258687225
1778588905.4475687,20:28:25.44,174.44591981091418,170.58843271593958,167.73216858141154,166.35209936871473,121.40274349217833,118.84617651137958,42.428328858505715,39.52231430042029,107.44799114882775,102.52293038347862,115.98941993877209,90.20003546182753
1778588905.6305182,20:28:25.63,176.99437798863485,170.87374566416622,169.86792520262918,164.72159462833014,104.76793066682903,103.61824084076952,48.67426505226463,45.50102843114394,100.60512398414116,99.62209637256268,123.01609556050904,96.64501085655141
1778588905.857608,20:28:25.85,173.83428834525665,171.3399707903501,170.1096926946962,165.15046008099443,93.57017839066195,93.53617101966584,53.50638285882367,50.35926846491438,100.4432289900331,100.63026389686598,128.09087712863325,96.25735477422128
1778588906.0457177,20:28:26.04,174.8394571595122,171.97524030841888,170.00357882620193,163.53966883481655,86.4976900280023,87.59865413132565,55.86061239968386,56.855913434761376,104.0503712913963,102.40871763408975,132.12357789438872,92.76236700485406
1778588906.2646892,20:28:26.26,174.9676881012582,171.73558727534288,170.52770266577204,163.0711923177094,82.3460433811093,87.91016889306412,54.09413047224564,58.559855470492934,110.1114371040233,107.1954695427478,134.7566575519121,87.53610443432719
1778588906.4698172,20:28:26.46,172.8295286865186,170.32525514172121,171.044543592287,163.8631984038002,81.78117135533975,91.34889535145263,55.1154354207324,56.840694235735796,112.98066527951786,110.53010260446213,136.3264638746768,88.05799234554402
1778588906.6953094,20:28:26.69,173.69039128080942,169.63056117722186,169.57623488836535,163.81754434250718,79.05393284435856,85.92074182853644,57.70420293553181,58.20128852640492,116.19532496676975,114.28065327824625,137.79235205418834,85.1130576960935
1778588906.8982077,20:28:26.89,165.82292868177342,169.84042058814617,169.08296298087203,163.8383809244975,79.89126152665023,85.04975445228263,56.06967503839161,55.896731634672676,118.09410441222985,117.37430868180732,137.2921345964992,83.29381707782613
1778588907.1097305,20:28:27.10,171.05857182244728,162.20679103665663,161.3308408650209,156.3899630912401,28.654659177776825,59.61954203074197,72.7330887480687,50.026386571934495,123.44367605529067,121.87818425017221,111.4778965733666,78.36102429757405
1778588907.3222144,20:28:27.32,171.99559905182412,156.4778625484741,152.21035043178927,150.104081786078,22.68921666600437,39.11113313479997,67.24812521880146,48.457099430671306,122.73385984887904,121.4790862787545,120.25637580186176,77.52583301399099
1778588907.52484,20:28:27.52,164.69290449182776,148.93753024192276,141.38613232755088,142.98389359331992,9.273397830669992,30.501877738165554,73.62791160396091,43.89352193256975,120.3667029155707,123.94430156017654,109.94317056161483,76.39477776755251
1778588907.718352,20:28:27.71,160.30086737975375,140.757603263842,129.29175425436495,131.43358756123308,28.02217433235243,26.31686649890629,61.79004091133773,44.536406651292616,122.909694011844,124.46430913191692,135.16205764319417,78.38499528231425
1778588907.913881,20:28:27.91,161.26613306417235,135.7537012390662,121.56979285566953,123.28673247057606,27.52454470032205,25.72905168232378,58.00566119602087,45.12009812886064,122.27382375302474,125.00583753449715,136.74206327099174,81.45685231178746
1778588908.0784707,20:28:28.07,159.72561246213075,123.4391359876274,115.13778323891947,112.06368179905344,29.922581949504284,23.52760690138269,59.56234550120364,42.18529139834193,121.751309221442,123.26265594230613,140.827537661028,82.77494239165011
1778588908.2400727,20:28:28.24,159.6255871865358,119.0760667439008,111.56237816576672,106.87399665339296,30.066353774184858,23.573302664169525,61.86593680802758,42.4977819604791,119.74913215312955,120.1783026449175,143.49637904362078,84.83097703397857
1778588908.4283602,20:28:28.42,150.23511976679595,113.5923936167253,103.24187466778758,100.4127352952028,30.389212859942898,22.548137040729294,63.651825277466216,42.91656992677423,119.10804429943455,118.96230146400572,144.36783773309224,87.05943882474318
1778588908.6276724,20:28:28.62,147.27593764139633,108.95436944391564,100.0176957146434,95.80564778362236,30.003146395456334,21.530139543434814,63.65230006807648,44.163174106180485,118.77154464464284,118.19173827396014,144.73875562486705,87.46709789903485
1778588908.8764498,20:28:28.87,147.49925087522155,108.39668813628867,98.43349916176112,94.61207085746264,29.613934777448524,22.166877428168995,64.25887450234598,45.347718867460536,118.77650590047186,118.49718403987526,144.2870870265814,88.30125337270741
1778588909.0618808,20:28:29.06,147.08304969452138,105.72025413080686,98.70411188478315,92.82693335656714,29.196577755256325,22.14954363256543,64.5235391324739,46.625406196695764,117.48341736709827,117.73678702090453,144.55580102180843,88.96446754973286
1778588909.248885,20:28:29.24,142.4908979574363,101.36601332475045,95.55492246814838,88.5596552841584,28.230313526287436,21.77135128009204,65.67728663757217,44.8227543187006,115.9387352144023,116.97361173721194,145.1347768282712,90.20503907495991
1778588909.4257178,20:28:29.42,137.08389466033873,98.00275169575875,91.52631687486345,85.10100902378106,25.05361912280989,21.237799394571418,65.51222936569592,43.70036165527733,114.38853882753111,117.7911725756803,144.6159762701996,89.79180298648637
1778588909.6352217,20:28:29.63,134.1131113505728,100.1904872746469,89.76459484002667,88.30172923592104,25.452940301894188,24.03080036029462,65.52331280501889,43.504850627732715,115.99800976441898,117.75360666088702,144.30226103289635,87.31080401303822
1778588909.858291,20:28:29.85,145.42357887304686,108.08957392703235,96.94401370337008,96.71467837488856,28.619976102506797,24.784502460594137,63.55090981255507,41.374967496667814,117.79056811079525,119.0379846854961,142.12079422821603,84.80574603089534
1778588910.065205,20:28:30.06,141.80114355248594,125.06796766148679,114.2305514638773,114.02635139740111,29.262835970352196,26.08236654001494,61.58292211873544,39.65579963637637,119.14187997617492,125.12408657920292,140.18245974123315,80.83431846257169
1778588910.2754846,20:28:30.27,157.17068143045583,141.14938749539976,130.67630130307924,131.74085810490809,23.74343267424217,26.434674690655612,61.23303036948097,39.55217890155468,122.95584950808137,127.45572177760806,127.49970053347072,77.88846134323337
1778588910.4805567,20:28:30.48,161.00856920688759,155.4752173693986,148.4993276777945,148.4280063827046,29.552451036163696,28.751259217601103,56.156666130522446,40.2868717345919,126.51605962330527,130.53448158687752,132.9499148980848,76.95747069975793
1778588910.661275,20:28:30.66,169.5211102499088,167.4758354922742,160.92692831365997,160.1599380332334,37.38706073567988,33.41341235008667,53.84992278450572,40.09094604879143,126.56967845014134,128.4223658344833,134.54996262979495,77.04541317374319
1778588910.8623013,20:28:30.86,176.29911818889093,173.40687142077724,165.06687364084416,161.5496170079474,64.35289720554103,69.63234652776276,51.3142518040263,38.93982164376822,129.17863162945451,113.91782717578764,125.18383309009963,81.919329301157
1778588911.045416,20:28:31.04,177.19144433514137,175.1613774052413,163.66062422013252,161.48072307951804,110.11919146426813,104.70375140798879,43.79057505791564,38.33334483025274,123.33665278700228,105.70843914014787,123.75625657110803,86.69182660631125
1778588911.244543,20:28:31.24,177.0755330206694,174.31541042517813,163.53587327605294,161.57961986804855,141.38731747848067,141.8924112884943,36.67571217248739,31.001110539603513,117.3514782333751,102.22040588020857,113.80909616268141,87.35962853920142
1778588911.4881895,20:28:31.48,177.1657429480096,175.09990853118745,162.49226625896182,162.2861635198687,148.39152711558685,151.75145810409833,32.30545498268413,29.6794716228314,118.1443023105951,105.66123241320938,106.76725123959619,81.22852666185857
1778588911.686528,20:28:31.68,177.526287509211,175.16912650425118,163.67032624728853,161.2597014586372,143.53670646591237,154.50824795158474,29.510295181382112,28.78109364573551,123.64264583058538,113.69945679796265,106.33618659714112,73.99414234102039
1778588911.890697,20:28:31.89,178.28705823708634,174.50706371682725,164.26610717514666,159.9184764741574,136.8646667757537,154.43531261156886,27.25430164249145,26.62637115994676,129.6713608674275,122.87636276075668,104.7382564269495,70.19037962970849
1778588912.0953546,20:28:32.09,178.72418048797005,174.85811666659941,164.45416219743555,159.12276464974724,141.87273258638393,155.3625292808103,27.579628833282282,26.349731920893873,131.97962551879903,125.8949529604383,105.23443274634394,67.82080254999426
1778588912.2969666,20:28:32.29,179.29761355925592,175.2502980807321,163.27084943450325,158.73075072557322,146.22391427243008,154.24739764447867,28.95743458529636,27.477167549426845,130.97543767033008,128.03748402303887,104.77521199133008,67.0237406666828
1778588912.4817915,20:28:32.48,178.7668313889792,175.49757978700356,163.6839343318127,159.0674280374836,146.93183956481897,154.2008480394275,30.177199558369427,27.614434416783805,132.14403916749364,128.87437521266816,105.62392824869916,65.95589294742926
1778588912.674241,20:28:32.67,178.86882879970958,174.35258673037674,162.79211630607452,159.29310068155127,143.95566948724382,155.15936929087812,30.16710613455712,27.3443103015378,131.86005396091792,128.91658674199527,105.80221130585635,65.98872051165296
1778588912.8541856,20:28:32.85,178.87078772297963,174.08764995104184,162.57735239221978,159.08735864217505,142.8832518674664,155.58096585923457,30.004288370886876,26.848018789988878,131.71286336587355,128.6660163747047,105.80994673818779,66.02033880374648
1778588913.057483,20:28:33.05,178.66617777782176,174.56374328466677,162.3544224935863,158.41225294675678,142.8919550073693,154.7053193250569,30.360263878238683,27.481275849623017,130.38216478122663,128.9867808749513,105.69866308315204,65.44373200659282
1778588913.246831,20:28:33.24,178.73220109628562,174.73791587710517,161.5184886951339,157.91274223721075,143.53216964134083,155.49232784011213,31.058978058866387,27.592922289658315,129.72892477712657,129.3186892524124,105.61177178986756,65.22655669463563
1778588913.547217,20:28:33.54,178.82702824020177,175.99147021427086,162.0553625182901,157.66542598540582,143.11412520461874,152.45020045746872,31.324506652796202,28.64268403596892,129.4989503087653,129.62402249834395,105.97632179524203,65.58315976362098
1778588913.8536522,20:28:33.85,179.2889782398086,174.83717757577978,163.47094727729467,157.32023602606742,142.59656848300466,153.21082592209777,30.957244907904485,27.882914064492354,130.90472490738037,127.78554266980328,106.9707861530307,65.44302072102741
1778588914.1896083,20:28:34.18,179.02174170279324,174.10214451416888,164.18511305461593,157.14118081366098,145.19293398824698,150.86979612115724,31.212083149949233,29.978526513137783,130.6088187737951,126.31125196165937,107.40189150359933,64.68623156835034
1778588914.3594935,20:28:34.35,178.43895024148134,174.73793798609387,165.72542045763598,157.30538747270086,147.71938638087,152.03121099551316,29.623700117288784,28.9875303757169,129.6310485759562,123.74560265169232,106.31316537474548,66.44959914833579
1778588914.5568814,20:28:34.55,176.43102643134299,174.9070316987952,169.2342784588186,158.06402583000295,146.3950459542247,152.4317982906863,28.907484031781532,28.166167161546127,130.69725426193656,123.98102756902199,105.12413606981494,66.87229537294587
1778588914.7287319,20:28:34.72,175.8449694419013,174.71710762564388,171.41782872156213,159.12354152025387,141.7423190956314,146.01457288949783,31.317520948011943,31.03982504423079,130.6435894928299,123.47275386832115,107.37525767570314,66.7027163485682
